Dataset,Classifier,TP,FP,TN,FN,Precision,Recall,F-measure,Accuracy,Balanced accuracy,Fowlkes-Mallows index,Matthews corr coef,Geo mean,Informedness,Markedness
breast_cancer,Decision Tree,142,49,36,59,0.743455497382199,0.7064676616915423,0.7244897959183674,0.6223776223776224,0.5649985367281241,0.7247256493372679,0.1261428330785407,0.5470007615963676,0.12999707345624822,0.12240286580325166
breast_cancer,Logistic Regression,171,59,26,30,0.7434782608695653,0.8507462686567164,0.7935034802784223,0.6888111888111889,0.5783143107989465,0.7953058256181502,0.18039341741391313,0.5101257398060234,0.15662862159789293,0.20776397515527956
breast_cancer,Random Forest,171,58,27,30,0.7467248908296943,0.8507462686567164,0.7953488372093023,0.6923076923076923,0.5841966637401229,0.797040409632069,0.19265363215955547,0.5198432937375437,0.16839332748024582,0.2204091013560101
breast_cancer,SVM,187,72,13,14,0.722007722007722,0.9303482587064676,0.8130434782608695,0.6993006993006993,0.541644717588528,0.8195844233161752,0.13018640798195774,0.3772115549846404,0.08328943517705589,0.20348920348920352
german-credit-data,Decision Tree,542,172,128,158,0.7591036414565826,0.7742857142857142,0.7666195190947667,0.67,0.6004761904761905,0.7666570975619392,0.20378428085765543,0.574771176001289,0.20095238095238088,0.2066560890090301
german-credit-data,Logistic Regression,611,157,143,89,0.7955729166666666,0.8728571428571429,0.832425068119891,0.754,0.6747619047619048,0.8333195683386959,0.37945633704930354,0.6450286077081425,0.34952380952380957,0.41195222701149437
german-credit-data,Random Forest,646,182,118,54,0.7801932367149759,0.9228571428571428,0.8455497382198953,0.764,0.6580952380952381,0.848532204050765,0.3839538618733557,0.6024869095594327,0.31619047619047613,0.46623974834288284
german-credit-data,SVM,661,215,85,39,0.7545662100456622,0.9442857142857143,0.8388324873096447,0.746,0.6138095238095238,0.844112606604612,0.316486619535417,0.5172500546617845,0.2276190476190476,0.44005008101340404
